per_id;per_crea_fecha;codigo_pais_identif_per;codigo_tipo_identif_per;nro_identif_per;per_primer_nombre;per_segundo_nombre;per_primer_apellido;per_segundo_apellido;per_nombre_documento;codigo_rol;per_fecha_inicio;per_fecha_fin;per_ultmod_fecha;per_version;per_proveedor_prv_id
39;05/06/2013 18:09;URY;PS;123456789;JUAN;FRANCISCO;RODRIGUEZ;PEREZ1;;ADMIN;01/06/2013;;10/06/2013 18:46;6;14918
41;06/06/2013 17:52;URY;PS;123456789;JJ;"";LOPEZ;"";;ADMIN;06/06/2013;;06/06/2013 17:52;5;14902
43;09/06/2013 15:23;URY;PS;23423423424;TEST;TEST;TEST;"";;ADMIN;01/06/2013;;09/06/2013 15:23;1;14934
44;10/06/2013 17:59;URY;PS;78979779797;WALMAR;"";LAIOLO;"";;CON;01/06/2013;30/06/2013;10/06/2013 17:59;11;14911
45;10/06/2013 18:57;URY;PS;7897979798;JORGE;"";FERNANEZ;"";;ADMIN;;;10/06/2013 18:57;5;14904
47;10/06/2013 19:40;URY;PS;98797979797;JAVIER;"";RODRIGUEZ;A;;DIR;01/06/2013;;10/06/2013 19:40;5;14899
48;10/06/2013 19:48;URY;PS;2342343242;JORGE;"";RODRIGUEZ;"";;ADMIN;;;10/06/2013 19:48;8;14899
50;10/06/2013 20:07;URY;PS;7412587458;JUAN;"";RODRIGUEZ;"";;DIR;01/06/2013;;10/06/2013 20:07;9;14913
51;11/06/2013 13:39;URY;PS;123123;N;"";AP;"";;CON;;;11/06/2013 13:39;3;49507
52;11/06/2013 17:26;URY;PS;123456;RAUL;"";BETINELLI;"";;DIR;01/06/2013;;11/06/2013 17:26;3;14908
53;11/06/2013 17:56;URY;CI;33253020;ANA;LAURA;PRIMAPELLIDODEANA;SEGAPELLIDODEANA;"";SOC;01/06/2013;31/03/2020;11/06/2013 17:56;2;14908
55;11/06/2013 18:19;URY;NIE;910340329;MARCIA;ROSANA;MUNHOS;ALMEIDA;;SOC;01/06/2013;29/06/2013;11/06/2013 18:19;1;49510
60;13/06/2013 10:47;URY;CI;33111200;MARIO;"";PRIMAPELLIDODEMARIO;SEGAPELLIDODEMARIO;MARIO  PRIMAPELLIDOdeMARIO SEGAPELLIDODEMARIO;DIR;01/06/2013;30/06/2013;13/06/2013 10:47;1;49513
61;13/06/2013 10:48;URY;CI;33111664;NATALIA;KARINA;PRIMAPELLIDODENATALIA;SEGAPELLIDODENATALIA;NATALIA KARINA PRIMAPELLIDOdeNATALIA SEGAPELLIDODENATALIA;ADMIN;;;13/06/2013 10:48;1;49513
62;13/06/2013 11:03;URY;CI;32941204;TELESFORA;"";PRIMAPELLIDODETELESFORA;SEGAPELLIDODETELESFORA;"";APOD;;;13/06/2013 11:03;1;49513
63;13/06/2013 12:02;URY;CI;15151208;DOMINGO;"";PRIMAPELLIDODEDOMINGO;SEGAPELLIDODEDOMINGO;"";DIR;;;13/06/2013 12:02;3;28495
65;13/06/2013 13:36;URY;CI;15151208;DOMINGO;"";PRIMAPELLIDODEDOMINGO;SEGAPELLIDODEDOMINGO;"";APOD;01/06/2013;30/06/2013;13/06/2013 13:36;1;28495
69;20/06/2013 11:06;BRA;NIE;111444555222333;MARUI;"";ADES;"";;APOD;05/02/2013;;20/06/2013 11:06;1;49514
70;20/06/2013 11:08;BRA;CI;44662255;ANDRÉS;"";MARA;"";;CON;15/04/2013;31/12/2013;20/06/2013 11:08;1;49514
73;20/06/2013 16:22;AGO;NIE;2326565215;MARÍA;"";LÓPEZ;"";;DIR;20/06/2013;31/12/2013;20/06/2013 16:22;1;49518
74;24/06/2013 18:54;URY;CI;15115804;JOSE;MARIA;PRIMAPELLIDODEJOSE;SEGAPELLIDODEJOSE;JOSE MARIA PRIMAPELLIDOdeJOSE SEGAPELLIDODEJOSE;ADMIN;01/06/2013;;24/06/2013 18:54;4;49524
76;28/06/2013 13:17;AFG;PS;18636421;ALEJANDRO;ALEJANDRO;ALEJANDRO;ALEJANDRO;;APOD;01/07/2013;01/08/2013;28/06/2013 13:17;3;49531
78;01/07/2013 13:43;URY;PS;234234234;ASDFSD;"";SFSF;"";;ADMIN;01/07/2013;;01/07/2013 13:43;1;14903
82;03/07/2013 17:15;URY;CI;43039759;MAXIMILIANO;DANIEL;PRIMAPELLIDODEMAXIMILIANO;SEGAPELLIDODEMAXIMILIANO;"";CONS;01/07/2013;01/07/2013;03/07/2013 17:15;7;14903
83;03/07/2013 20:39;URY;CI;43037864;MAIRA;STEPHANY;PRIMAPELLIDODEMAIRA;SEGAPELLIDODEMAIRA;"";CON;01/07/2013;16/07/2013;03/07/2013 20:39;3;14903
84;04/07/2013 10:58;URY;CI;15071202;CARLOS;"";PRIMAPELLIDODECARLOS;SEGAPELLIDODECARLOS;CARLOS  PRIMAPELLIDOdeCARLOS SEGAPELLIDODECARLOS;DIR;01/05/2013;31/12/2013;04/07/2013 10:58;1;15279
85;04/07/2013 11:23;URY;CI;8605806;ALBERTO E;"";PRIMAPELLIDODEALBERTO E;SEGAPELLIDODEALBERTO E;"";DIR;01/06/2013;31/12/2013;04/07/2013 11:23;1;15630
86;04/07/2013 11:45;URY;CI;33111664;NATALIA;KARINA;PRIMAPELLIDODENATALIA;SEGAPELLIDODENATALIA;NATALIA KARINA PRIMAPELLIDOdeNATALIA SEGAPELLIDODENATALIA;SOC;01/07/2013;;04/07/2013 11:45;1;49535
88;04/07/2013 11:46;URY;CI;33154828;MARIA;BELEN;PRIMAPELLIDODEMARIA;SEGAPELLIDODEMARIA;MARIA BELEN PRIMAPELLIDOdeMARIA SEGAPELLIDODEMARIA;APOD;01/07/2013;08/07/2013;04/07/2013 11:46;4;49535
92;16/07/2013 23:41;URY;CI;43039759;MAXIMILIANO;DANIEL;PRIMAPELLIDODEMAXIMILIANO;SEGAPELLIDODEMAXIMILIANO;"";APOD;01/07/2013;31/07/2013;16/07/2013 23:41;1;14903
93;24/07/2013 11:42;BRA;CI;112233;LORE;"";RODRI;"";;DIR;;;24/07/2013 11:42;2;39495
95;25/07/2013 15:47;URY;CI;9054828;ALBERTO E;"";PRIMAPELLIDODEALBERTO E;SEGAPELLIDODEALBERTO E;ALBERTO E  PRIMAPELLIDOdeALBERTO E SEGAPELLIDODEALBERTO E;CON;;;25/07/2013 15:47;1;49551
96;25/07/2013 16:17;BRA;NIE;333;JOAO;"";FALÔNÑAO;"";;DIR;;;25/07/2013 16:17;1;49556
97;25/07/2013 16:20;ARG;CI;DNI 12455;JAIME;"";CANCELA;BOSI;;DIR;01/07/2013;31/07/2013;25/07/2013 16:20;1;49555
99;30/07/2013 10:20;URY;CI;8805264;ALBERTO E;"";PRIMAPELLIDODEALBERTO E;SEGAPELLIDODEALBERTO E;ALBERTO E  PRIMAPELLIDOdeALBERTO E SEGAPELLIDODEALBERTO E;CON;01/07/2013;31/12/2013;30/07/2013 10:20;1;49559
101;04/08/2013 16:40;URY;CI;33174589;MARIA;ROSA;PRIMAPELLIDODEMARIA;SEGAPELLIDODEMARIA;"";ADMIN;01/08/2013;;04/08/2013 16:40;3;49567
102;04/08/2013 16:41;URY;NIE;910000600;RICARDO;ORESTES;CIRIO;"";;APOD;01/08/2013;;04/08/2013 16:41;8;49567
104;04/08/2013 20:56;URY;PS;11111;KARINA;"";APELLIDODEKARINA;"";;APOD;01/08/2013;28/02/2014;04/08/2013 20:56;1;49569
105;04/08/2013 20:58;ARG;PS;22222;DANIELA;"";APELLIDODEDANIELA;"";;SOC;01/11/2012;;04/08/2013 20:58;1;49569
110;05/08/2013 16:51;CUB;PS;45678;RAUL;"";CASTRO;"";;DIR;01/08/2013;06/10/2013;05/08/2013 16:51;1;49585
111;05/08/2013 16:51;ARG;CI;13332684;MARIA;"";VELAZCO;"";;DIR;;;05/08/2013 16:51;2;49586
112;05/08/2013 16:52;BRA;PS;5236589;MARÍA;ELENA;GONZÁLEZ;DE SOUZA;;DIR;07/11/2011;05/08/2013;05/08/2013 16:52;1;49590
113;05/08/2013 16:52;TCD;CI;17618046;JUAN;"";PEREZ;"";;APOD;05/08/2013;;05/08/2013 16:52;2;49594
114;05/08/2013 16:52;ARG;NIE;123456;MARÍA;VICTORIA;SAL;MENTE;;ADMIN;;;05/08/2013 16:52;2;49589
115;05/08/2013 16:52;ARG;CI;897897686;MARÍA;"";DOMÍNGUEZ;"";;DIR;02/08/2013;;05/08/2013 16:52;1;49592
116;05/08/2013 16:52;ARG;CI;46983321;RAMÓN;"";DÍAZ;CHANTA;;SOC;05/08/2013;15/08/2013;05/08/2013 16:52;2;49588
117;05/08/2013 16:52;ARG;NIE;354141692;MIGUEL;"";DE LOS PALOTES;"";;ADMIN;05/08/2013;;05/08/2013 16:52;1;49591
123;07/08/2013 11:16;URY;CI;33158006;GUIDO;"";PRIMAPELLIDODEGUIDO;SEGAPELLIDODEGUIDO;"";DIR;;;07/08/2013 11:16;1;15057
125;07/08/2013 12:04;URY;CI;14318564;JUAN;CARLOS;PRIMAPELLIDODEJUAN;SEGAPELLIDODEJUAN;JUAN CARLOS PRIMAPELLIDOdeJUAN SEGAPELLIDODEJUAN;APOD;01/08/2013;;07/08/2013 12:04;2;49551
127;07/08/2013 12:07;URY;CI;53549932;MARIA;EMILIA;PRIMAPELLIDODEMARIA;SEGAPELLIDODEMARIA;MARIA EMILIA PRIMAPELLIDOdeMARIA SEGAPELLIDODEMARIA;APOD;01/08/2013;;07/08/2013 12:07;1;49596
128;07/08/2013 12:07;URY;CI;17235581;AVELINA;"";PRIMAPELLIDODEAVELINA;SEGAPELLIDODEAVELINA;AVELINA  PRIMAPELLIDOdeAVELINA SEGAPELLIDODEAVELINA;SOC;06/08/2013;;07/08/2013 12:07;2;49596
130;07/08/2013 16:37;BRA;CI;123456;FELIPA;"";PERDOMO;CORREA;;CON;07/08/2013;;07/08/2013 16:37;1;49603
131;07/08/2013 16:37;ARG;CI;98767876;JUANA;"";PÉREZ;"";;SOC;01/05/2013;;07/08/2013 16:37;3;49602
132;07/08/2013 16:37;ARG;CI;55956331;JUANA;"";PEREZ;"";;SOC;02/05/2013;;07/08/2013 16:37;3;49601
133;07/08/2013 16:38;ARG;PS;9386954;SOLEDAD;"";TORNIA;"";;SOC;01/08/2013;;07/08/2013 16:38;4;49609
134;07/08/2013 16:39;ARG;NIE;ITA094186983;ITA094186983;"";ITA094186983;"";;DIR;01/03/2013;;07/08/2013 16:39;4;49606
135;07/08/2013 16:40;BFA;PS;321654;BURKI;"";FASSS;"";;SOC;01/07/2013;;07/08/2013 16:40;3;49607
136;07/08/2013 22:16;ARG;CI;123456789;JUAN;"";GONZÁLEZ;"";;APOD;01/08/2013;;07/08/2013 22:16;3;49611
139;08/08/2013 15:00;URY;CI;33264964;BERTA;"";PRIMAPELLIDODEBERTA;SEGAPELLIDODEBERTA;"";APOD;01/08/2013;;08/08/2013 15:00;4;14915
144;09/08/2013 10:57;ARG;NIE;22255588;PEPE;RODRIGUEZ;GOMEZ;"";;ADMIN;;;09/08/2013 10:57;1;49617
145;09/08/2013 16:37;ARG;CI;212121;MIRIAM;"";NOSOTROS;"";;DIR;01/08/2013;;09/08/2013 16:37;2;49622
146;09/08/2013 16:37;ARG;CI;78676867;JUANA;"";PÉREZ;"";;CON;04/07/2013;;09/08/2013 16:37;1;49623
147;09/08/2013 16:37;ARG;CI;45896348;JUANA;"";PÉREZ;"";;ADMIN;10/07/2013;;09/08/2013 16:37;1;49625
149;09/08/2013 16:37;BRA;CI;894354354;JOAO;ESTEBAN;RONALDINHO;NEYMAR;;APOD;24/01/2013;;09/08/2013 16:37;1;49627
150;09/08/2013 16:37;ARG;CI;1234;PABLILLO;"";FERR;"";;ADMIN;09/08/2013;;09/08/2013 16:37;1;49628
151;09/08/2013 16:38;ARG;CI;55789;JOSE;"";PEREZ;"";;DIR;09/08/2013;09/08/2013;09/08/2013 16:38;1;49626
152;09/08/2013 16:38;PAN;CI;1234567890;JORGE;"";DELY VALDEZ;"";;CON;;;09/08/2013 16:39;2;49624
153;09/08/2013 16:38;ARG;NIE;10123654;LORENA;"";PEREIRA;"";;SOC;01/08/2013;;09/08/2013 16:38;1;49621
155;09/08/2013 16:42;URY;CI;45615228;GERMAN;"";PRIMAPELLIDODEGERMAN;SEGAPELLIDODEGERMAN;GERMAN  PRIMAPELLIDOdeGERMAN SEGAPELLIDODEGERMAN;SOC;;;09/08/2013 16:42;1;49640
157;09/08/2013 16:42;URY;CI;45615228;GERMAN;"";PRIMAPELLIDODEGERMAN;SEGAPELLIDODEGERMAN;GERMAN  PRIMAPELLIDOdeGERMAN SEGAPELLIDODEGERMAN;SOC;;;09/08/2013 16:42;1;49641
160;09/08/2013 16:43;URY;CI;45615228;GERMAN;"";PRIMAPELLIDODEGERMAN;SEGAPELLIDODEGERMAN;GERMAN  PRIMAPELLIDOdeGERMAN SEGAPELLIDODEGERMAN;SOC;;;09/08/2013 16:43;2;49630
163;12/08/2013 09:54;URY;CI;47694264;MARCOS;FERNANDO;PRIMAPELLIDODEMARCOS;SEGAPELLIDODEMARCOS;MARCOS FERNANDO PRIMAPELLIDOdeMARCOS SEGAPELLIDODEMARCOS;ADMIN;01/12/2012;;12/08/2013 09:54;1;49645
165;12/08/2013 16:23;ARG;CI;546546545456;JUANA;"";LÓPEZ;"";;APOD;01/08/2013;;12/08/2013 16:23;1;49650
166;12/08/2013 16:23;ARG;CI;656565656;JUANA;"";LÓPEZ;"";;APOD;01/08/2013;;12/08/2013 16:23;2;49661
167;12/08/2013 16:26;ARG;CI;45646546;JUANA;"";LÓPEZ;"";;APOD;01/08/2013;;12/08/2013 16:26;1;49653
168;12/08/2013 16:28;ARG;CI;456468;JUANA;"";PÉREZ;"";;APOD;01/08/2013;;12/08/2013 16:28;1;49662
169;12/08/2013 16:33;BRA;PS;455555;JOSEFINA;"";PEREZ;"";;ADMIN;01/08/2013;;12/08/2013 16:33;2;49661
171;12/08/2013 16:34;AGO;CI;1234567890;ANAYNICO;"";OTERO SOMMARUGA;"";;DIR;12/08/2013;12/08/2014;12/08/2013 16:34;2;49649
172;12/08/2013 16:34;BEL;CI;45678900;LUIS;"";LOPEZ;"";;ADMIN;01/08/2013;;12/08/2013 16:34;1;49658
173;12/08/2013 16:35;AFG;NIE;56565656;MARCELO;"";TORRES;"";;DIR;01/01/2013;;12/08/2013 16:35;1;49661
174;12/08/2013 16:36;ARG;PS;55478514;LUIS;"";PEREZ;"";;ADMIN;01/08/2013;31/12/2013;12/08/2013 16:36;1;49660
175;12/08/2013 16:36;AFG;CI;111111;ALICIA;"";PEREZ;"";;DIR;01/08/2013;;12/08/2013 16:36;2;49653
176;12/08/2013 16:36;ARG;CI;5454454;JUANA;"";LÓPEZ;"";;ADMIN;01/08/2013;;12/08/2013 16:36;1;49657
178;12/08/2013 16:37;ABW;PS;399624;JUAN;PEDRO;RODRIGUEZ;GONZALEZ;;CON;01/08/2013;;12/08/2013 16:37;1;49655
179;12/08/2013 16:38;ARG;CI;567455;JUAN;"";PEREZ;"";;ADMIN;01/08/2013;;12/08/2013 16:38;2;49651
180;12/08/2013 16:39;BRA;NIE;45454545;JUIAN;"";KIN;KIN;;APOD;01/08/2013;;12/08/2013 16:39;1;49656
182;12/08/2013 17:12;BRA;PS;3500;CRISTIANO;"";RONALDO;"";;SOC;12/08/2013;;12/08/2013 17:12;1;49666
183;12/08/2013 17:17;ESP;PS;AA26934;MANUEL;"";GARCIA;"";;SOC;01/10/2012;;12/08/2013 17:17;1;49669
184;12/08/2013 17:29;ARG;PS;121212;JUAN;"";ALVEZ;"";;CON;;;12/08/2013 17:29;3;49676
185;13/08/2013 09:51;ITA;CI;12358954;FULANO;"";BNNVHH;"";;APOD;;;13/08/2013 09:51;5;49554
187;13/08/2013 20:40;JAM;PS;123457;JOSE;"";APELLIDO JOSE;"";;APOD;01/08/2013;31/07/2017;13/08/2013 20:40;2;49678
188;13/08/2013 21:27;ARG;PS;018242151;JUANA;"";APELLIDO JUANA;"";;SOC;12/11/2012;10/01/2015;13/08/2013 21:27;1;49679
189;13/08/2013 21:28;ARG;CI;189274T4;MIGUEL;"";APELLIDOMIGUEL;"";;CON;02/10/2012;03/01/2014;13/08/2013 21:28;1;49679
190;13/08/2013 21:45;BRA;PS;1837451284;RAUL;"";APELLIDORAUL;"";;DIR;;;13/08/2013 21:45;1;49680
191;13/08/2013 21:46;BRA;PS;19864215;JAIME;"";APELLIDOJAIME;"";;APOD;01/08/2013;31/07/2015;13/08/2013 21:46;2;49680
192;13/08/2013 21:56;BGD;PS;81254915;PEDRO;"";APELLIDO PEDRO;"";;SOC;01/03/2010;;13/08/2013 21:56;1;49681
193;13/08/2013 21:58;BGD;PS;8519112;IVAN;"";APELLIDOIVAN;"";;APOD;12/12/2011;;13/08/2013 21:58;1;49681
194;13/08/2013 22:11;JPN;PS;875632;EUSTAQUIO;"";APELLIDOEUSTAQUIO;"";;DIR;05/04/2000;;13/08/2013 22:11;1;49682
195;13/08/2013 22:12;JPN;PS;93222;MILKA;"";APELLIDOMILKA;"";;APOD;05/04/2000;;13/08/2013 22:12;1;49682
196;13/08/2013 22:22;CYM;PS;74208;LORENZO;"";APELLIDOLORENZO;"";;ADMIN;11/10/2010;;13/08/2013 22:22;2;49683
197;13/08/2013 22:23;CYM;PS;454233;LAURA;"";APELLIDOLAURA;"";;SOC;11/10/2010;;13/08/2013 22:23;2;49683
198;13/08/2013 22:35;PRI;PS;91624157;DIEGO;"";APELLIDODIEGO;"";;DIR;02/02/1990;;13/08/2013 22:35;1;49684
199;13/08/2013 22:36;PRI;PS;97561235;FILOMENA;"";APELLIDOFILOMENA;"";;APOD;02/01/2009;;13/08/2013 22:36;2;49684
200;13/08/2013 22:47;ATG;PS;124714;VIRGINIA;"";APELLIDOVIRGINIA;"";;SOC;07/08/2012;;13/08/2013 22:47;2;49685
201;13/08/2013 22:49;ATG;PS;18246184;CECILIA;"";APELLIDOCECILIA;"";;ADMIN;07/08/2012;;13/08/2013 22:49;2;49685
202;13/08/2013 23:02;VIR;PS;897653;IVOR;"";APELLIDOIVOR;"";;APOD;08/02/2001;;13/08/2013 23:02;1;49686
203;13/08/2013 23:03;VIR;PS;923564;JOAQUIN;"";APELLIDOJOAQUIN;"";;SOC;08/02/2001;;13/08/2013 23:03;1;49686
204;13/08/2013 23:14;MDG;PS;8123561;ALEX;"";APELLIDOALEX;"";;SOC;01/01/2009;;13/08/2013 23:14;1;49687
205;13/08/2013 23:15;MDG;PS;85332;MARTY;"";APELLIDOMARTY;"";;SOC;01/01/2009;;13/08/2013 23:15;1;49687
208;13/08/2013 23:48;ARG;PS;324235;JUAN;"";LOPEZ;"";;APOD;01/10/2000;;13/08/2013 23:48;1;49689
209;13/08/2013 23:49;ARG;PS;123556;JULIAN;"";JOSELO;"";;DIR;01/10/2000;;13/08/2013 23:49;1;49689
210;14/08/2013 00:24;ARG;PS;83576215;FILOMENO;"";GARCIA;"";;DIR;01/10/2000;;14/08/2013 00:24;2;49690
211;14/08/2013 00:25;ARG;PS;28375625;RAMON;"";VALDEZ;"";;APOD;01/10/2005;;14/08/2013 00:25;1;49690
212;14/08/2013 08:15;BRA;PS;121222;JUAN;"";APELLIDOJUAN;"";;DIR;05/04/2010;;14/08/2013 08:15;1;49691
213;14/08/2013 08:16;BRA;PS;2222225;LEONEL;"";APELLIDOLEONEL;"";;APOD;05/04/2010;;14/08/2013 08:16;2;49691
215;14/08/2013 16:09;BRA;CI;1234;JUAN;"";SESMOLDE;"";;SOC;01/08/2013;;14/08/2013 16:09;1;49718
216;14/08/2013 16:09;ARG;CI;37771812;JUAN;"";LOPEZ;"";;SOC;01/08/2013;;14/08/2013 16:09;2;49716
217;14/08/2013 16:09;AND;PS;1111111;JUANA;"";DIAZ;"";;ADMIN;01/01/2010;;14/08/2013 16:09;1;49721
218;14/08/2013 16:09;ARG;CI;545465465;JUANA;"";DE AMÉRICA;"";;APOD;01/08/2013;;14/08/2013 16:09;1;49715
219;14/08/2013 16:09;BRA;CI;14195;MARIA;"";GONZALEZ;"";;ADMIN;02/08/2013;;14/08/2013 16:09;2;49723
221;14/08/2013 16:09;AFG;NIE;1234567890;LUCIA;"";XXXXX;"";;DIR;01/04/2013;;14/08/2013 16:09;1;49719
222;14/08/2013 16:09;BRA;CI;28858888;JOSE;"";PEREZ;"";;DIR;01/08/2013;;14/08/2013 16:09;1;49720
223;14/08/2013 16:11;AFG;CI;5456548442;JUANA;"";DE ACA;"";;ADMIN;01/08/2013;;14/08/2013 16:11;1;49722
224;14/08/2013 16:11;BHS;CI;23456789;PAULA;LILIAN;ROMAN;BELANDO;;DIR;05/08/2013;;14/08/2013 16:11;2;49714
225;14/08/2013 16:33;URY;CI;19331028;MARIELA;RITA;PRIMAPELLIDODEMARIELA;SEGAPELLIDODEMARIELA;MARIELA RITA PRIMAPELLIDOdeMARIELA SEGAPELLIDODEMARIELA;DIR;;;14/08/2013 16:33;1;49710
227;14/08/2013 16:33;URY;CI;19331028;MARIELA;RITA;PRIMAPELLIDODEMARIELA;SEGAPELLIDODEMARIELA;MARIELA RITA PRIMAPELLIDOdeMARIELA SEGAPELLIDODEMARIELA;DIR;;;14/08/2013 16:33;1;49706
232;15/08/2013 12:30;ARG;NIE;321321321;POCHO;"";TIENDA;"";;DIR;01/05/2013;31/10/2013;15/08/2013 12:30;1;49617
234;15/08/2013 14:11;AUS;CI;14445678;JUAN;"";PEREZ;"";;APOD;15/08/2013;;15/08/2013 14:11;1;49737
236;16/08/2013 10:47;URY;CI;44320064;DIEGO;NICOLAS;PRIMAPELLIDODEDIEGO;SEGAPELLIDODEDIEGO;DIEGO NICOLAS PRIMAPELLIDOdeDIEGO SEGAPELLIDODEDIEGO;CON;;;16/08/2013 10:47;4;49741
237;16/08/2013 16:18;URY;CI;40910564;MAITE;VERONICA;PRIMAPELLIDODEMAITE;"";MAITE VERONICA PRIMAPELLIDOdeMAITE ;SOC;;;16/08/2013 16:18;1;49748
238;16/08/2013 16:18;URY;CI;40910564;MAITE;VERONICA;PRIMAPELLIDODEMAITE;"";MAITE VERONICA PRIMAPELLIDOdeMAITE ;SOC;15/08/2013;15/01/2014;16/08/2013 16:18;1;49746
242;16/08/2013 16:19;URY;CI;40910564;MAITE;VERONICA;PRIMAPELLIDODEMAITE;"";MAITE VERONICA PRIMAPELLIDOdeMAITE ;SOC;01/08/2013;;16/08/2013 16:19;2;49745
247;18/08/2013 00:30;ARG;PS;111111;JUAN;"";LOPEZ;"";;DIR;05/04/2010;;18/08/2013 00:30;1;49755
249;18/08/2013 00:47;BRA;PS;111111;RAMONA;"";VALDEZ;"";;DIR;05/04/2010;;18/08/2013 00:47;1;49756
250;18/08/2013 00:48;BRA;PS;222222;LUIS;"";MOLINA;"";;APOD;05/04/2010;;18/08/2013 00:48;2;49756
252;18/08/2013 01:37;AFG;PS;222222;JOEL;"";SADERLAN;"";;ADMIN;05/04/2010;;18/08/2013 01:37;1;49757
255;18/08/2013 19:09;BHS;NIE;111111;JUAN;"";LOPEZ;"";;DIR;05/04/2010;;18/08/2013 19:09;1;49759
256;18/08/2013 19:10;BHS;NIE;222222;RAFAELA;"";MINES;"";;ADMIN;05/04/2010;05/04/2015;18/08/2013 19:10;1;49759
257;18/08/2013 19:20;CAN;NIE;111111;JUAN;"";PIPERNO;"";;DIR;05/04/2010;;18/08/2013 19:20;1;49760
258;18/08/2013 19:22;CAN;NIE;222222;MARCOS;"";PUENTE;"";;APOD;05/04/2010;05/04/2015;18/08/2013 19:22;1;49760
259;18/08/2013 19:32;EGY;NIE;111111;JUAN;"";LOPEZ;"";;DIR;05/04/2010;;18/08/2013 19:32;1;49761
260;18/08/2013 19:33;EGY;NIE;222222;LAURA;"";BUENO;"";;ADMIN;05/04/2010;05/04/2015;18/08/2013 19:33;1;49761
261;18/08/2013 19:43;CHL;NIE;111111;JUAN;"";LOPEZ;"";;DIR;05/04/2010;;18/08/2013 19:43;1;49762
262;18/08/2013 19:45;CHL;NIE;222222;JOSE;"";SILVA;"";;APOD;05/04/2010;05/04/2015;18/08/2013 19:45;1;49762
263;18/08/2013 19:54;FRA;NIE;111111;CLAUDE;"";DAME;"";;DIR;05/04/2010;;18/08/2013 19:54;1;49763
264;18/08/2013 19:55;FRA;NIE;222222;JEAN;"";VAN;"";;ADMIN;05/04/2010;05/04/2015;18/08/2013 19:55;1;49763
265;18/08/2013 20:05;GHA;NIE;111111;JUAN;"";LOPEZ;"";;DIR;05/04/2010;;18/08/2013 20:05;1;49764
266;18/08/2013 20:07;GHA;NIE;222222;RAMONA;"";LEAL;"";;APOD;05/04/2010;05/04/0201;18/08/2013 20:07;1;49764
267;18/08/2013 20:18;IRL;NIE;111111;JUAN;"";LOPEZ;"";;DIR;05/04/2010;05/04/2015;18/08/2013 20:18;1;49765
268;18/08/2013 20:20;IRL;NIE;222222;MINERVA;"";MACGREGOR;"";;APOD;05/04/2010;05/04/2015;18/08/2013 20:20;1;49765
269;18/08/2013 20:33;MYS;NIE;111111;MOHAMED;"";DUHA;"";;DIR;05/04/2010;;18/08/2013 20:33;2;49766
270;18/08/2013 20:34;MYS;NIE;222222;ALI;"";LIMBA;"";;ADMIN;05/08/2013;05/04/2015;18/08/2013 20:34;1;49766
271;19/08/2013 11:10;BRA;CI;11111111;JOAO;"";PELE;"";;DIR;01/08/2013;;19/08/2013 11:10;2;49781
272;19/08/2013 11:10;AFG;CI;123456;RAMON;"";LOPEZ;"";;SOC;19/08/2013;;19/08/2013 11:10;3;49769
273;19/08/2013 11:10;SAU;CI;123;JANA;"";MONTANA;"";;DIR;01/08/2013;;19/08/2013 11:10;1;49772
274;19/08/2013 11:10;BRA;PS;1808;JOSÉ;"";ARTIGAS;"";;DIR;01/08/2013;;19/08/2013 11:10;2;49773
275;19/08/2013 11:10;ARG;CI;566468786;JUANA;"";LOPEZ;"";;APOD;01/08/2013;;19/08/2013 11:10;1;49771
276;19/08/2013 11:10;ARG;NIE;2102356788;JUAN JOSE;"";PEREZ LOPEZ;"";;ADMIN;16/08/2013;;19/08/2013 11:10;2;49780
277;19/08/2013 11:10;ARG;CI;3.705.636-1;ESTHER;"";LAUGET;"";;SOC;12/08/2013;;19/08/2013 11:10;2;49782
278;19/08/2013 11:10;AFG;CI;525412454132;JUANITO;"";PEREZ;"";;APOD;01/08/2013;;19/08/2013 11:10;2;49770
279;19/08/2013 11:10;SAU;CI;23333366;SHAMED;"";INIS;"";;DIR;20/08/2013;;19/08/2013 11:10;1;49775
280;19/08/2013 11:10;ARG;CI;111222111;JUANA;"";PEREZ;"";;DIR;02/01/2013;;19/08/2013 11:10;2;49768
282;19/08/2013 11:27;URY;CI;40758564;MARIA;NOEL;PRIMAPELLIDODEMARIA;SEGAPELLIDODEMARIA;MARIA NOEL PRIMAPELLIDOdeMARIA SEGAPELLIDODEMARIA;APOD;;;19/08/2013 11:27;1;49784
283;19/08/2013 11:38;URY;CI;40758564;MARIA;NOEL;PRIMAPELLIDODEMARIA;SEGAPELLIDODEMARIA;MARIA NOEL PRIMAPELLIDOdeMARIA SEGAPELLIDODEMARIA;APOD;;;19/08/2013 11:38;1;49785
284;19/08/2013 11:40;URY;CI;40758564;MARIA;NOEL;PRIMAPELLIDODEMARIA;SEGAPELLIDODEMARIA;MARIA NOEL PRIMAPELLIDOdeMARIA SEGAPELLIDODEMARIA;APOD;;;19/08/2013 11:40;2;49786
286;19/08/2013 15:00;BRA;NIE;888888;KARINA;"";SISNIEGA;"";;SOC;01/08/2013;;19/08/2013 15:00;1;49800
287;19/08/2013 15:29;ARG;CI;38490568;INTI;"";REBELESE;"";;CON;01/01/2010;;19/08/2013 15:29;1;23035
291;20/08/2013 08:42;ARG;NIE;999888;JAMES;"";GANDOLFINI;"";;CON;16/05/2013;18/04/2014;20/08/2013 08:42;1;49617
292;20/08/2013 14:54;ARG;NIE;999888;JAMES;"";GANDOLFINI;"";;APOD;01/07/2013;01/11/2013;20/08/2013 14:54;1;49617
293;20/08/2013 16:42;URY;CI;40758564;MARIA;NOEL;PRIMAPELLIDODEMARIA;SEGAPELLIDODEMARIA;MARIA NOEL PRIMAPELLIDOdeMARIA SEGAPELLIDODEMARIA;CON;;;20/08/2013 16:42;2;49839
294;20/08/2013 16:46;URY;CI;40758564;MARIA;NOEL;PRIMAPELLIDODEMARIA;SEGAPELLIDODEMARIA;MARIA NOEL PRIMAPELLIDOdeMARIA SEGAPELLIDODEMARIA;CON;;;20/08/2013 16:46;1;49840
295;20/08/2013 16:51;URY;CI;40758564;MARIA;NOEL;PRIMAPELLIDODEMARIA;SEGAPELLIDODEMARIA;MARIA NOEL PRIMAPELLIDOdeMARIA SEGAPELLIDODEMARIA;CON;;;20/08/2013 16:51;1;49841
296;20/08/2013 16:56;URY;CI;40758564;MARIA;NOEL;PRIMAPELLIDODEMARIA;SEGAPELLIDODEMARIA;MARIA NOEL PRIMAPELLIDOdeMARIA SEGAPELLIDODEMARIA;CON;;;20/08/2013 16:56;2;49842
299;21/08/2013 09:45;URY;CI;40758564;MARIA;NOEL;PRIMAPELLIDODEMARIA;SEGAPELLIDODEMARIA;MARIA NOEL PRIMAPELLIDOdeMARIA SEGAPELLIDODEMARIA;APOD;01/08/2013;31/12/2013;21/08/2013 09:45;1;49845
306;21/08/2013 11:30;ARG;NIE;44646798789;MAXIMO;"";TAJES;"";;APOD;;;21/08/2013 11:30;5;49856
308;21/08/2013 16:45;BRA;NIE;18015162;FULANA;"";DE TAL;"";;ADMIN;21/08/2013;;21/08/2013 16:45;2;49862
309;21/08/2013 16:46;DEU;NIE;1234567;PEPE;"";GAHFIUHR;"";;DIR;01/08/2013;;21/08/2013 16:46;1;49863
311;21/08/2013 16:54;BRA;PS;4569876;PEDRO;"";PEREZ;"";;DIR;01/08/2013;;21/08/2013 16:54;1;49864
312;21/08/2013 16:57;BRA;CI;35605493;JUANA;"";DE LOS PALOTES;"";;DIR;21/08/2013;;21/08/2013 16:57;2;49867
313;21/08/2013 16:57;DEU;PS;900900;JACQUELINE;FLAVIA;STRA;TA;;DIR;01/08/2013;;21/08/2013 16:57;2;49879
314;21/08/2013 16:59;ARG;PS;ARG5879;MANUELA;"";SOSA;"";;APOD;01/08/2013;;21/08/2013 16:59;1;49870
316;21/08/2013 17:08;ARG;CI;6565656;CRISTINA;"";K;"";;SOC;01/08/2013;;21/08/2013 17:08;2;49873
317;21/08/2013 17:09;ARG;CI;234568543;MARIA;"";LANATA;"";;SOC;;;21/08/2013 17:09;1;49876
320;21/08/2013 17:10;ARG;CI;784556965655;CRIS;"";MONTEL;"";;ADMIN;;;21/08/2013 17:10;1;49877
323;23/08/2013 10:15;BEL;PS;234;YON;"";FER;"";;CON;01/08/2013;;23/08/2013 10:15;1;49887
324;23/08/2013 11:30;ARM;PS;123456;YON;"";FER;"";;CON;01/08/2013;31/08/2013;23/08/2013 11:30;1;49889
325;23/08/2013 11:32;BRA;NIE;2014;EDSON;"";ARANTES;"";;DIR;05/08/2013;;23/08/2013 11:32;1;49891
327;23/08/2013 11:41;BRA;CI;11111;GENTIL;"";SOUZA;"";;DIR;01/08/2013;26/09/2013;23/08/2013 11:41;2;49893
328;23/08/2013 11:50;ARG;PS;12345678;ELTITO;"";DELACURVA;"";;ADMIN;22/08/2013;23/08/2013;23/08/2013 11:50;2;49900
330;23/08/2013 16:44;URY;CI;45601564;NICOLAS;FERNANDO;PRIMAPELLIDODENICOLAS;SEGAPELLIDODENICOLAS;NICOLAS FERNANDO PRIMAPELLIDOdeNICOLAS SEGAPELLIDODENICOLAS;SOC;;;23/08/2013 16:44;1;49905
338;23/08/2013 16:46;URY;CI;40910564;MAITE;VERONICA;PRIMAPELLIDODEMAITE;"";MAITE VERONICA PRIMAPELLIDOdeMAITE ;ADMIN;01/08/2013;01/08/2013;23/08/2013 16:46;1;49911
340;26/08/2013 09:34;URY;CI;40758564;MARIA;NOEL;PRIMAPELLIDODEMARIA;SEGAPELLIDODEMARIA;MARIA NOEL PRIMAPELLIDOdeMARIA SEGAPELLIDODEMARIA;CON;;;26/08/2013 09:34;1;49913
341;26/08/2013 11:14;BRB;CI;54897215;ALBERTO;"";JUAREZ;"";;APOD;;;26/08/2013 11:14;2;49918
342;26/08/2013 11:15;ALB;CI;987654;ARTURO;"";CHIGUAGUA;"";;ADMIN;26/08/2013;31/12/2013;26/08/2013 11:15;1;49924
343;26/08/2013 11:15;BRB;CI;1234567;ANA;"";PEREZ;"";;ADMIN;01/08/2013;26/08/2013;26/08/2013 11:15;2;49926
344;26/08/2013 11:15;ARG;CI;123456;DARI;"";POL;"";;ADMIN;22/08/2013;;26/08/2013 11:15;2;49916
345;26/08/2013 11:15;BRA;PS;20142014;CAETANO;"";PEREZ;"";;SOC;;;26/08/2013 11:15;2;49925
346;26/08/2013 11:16;COG;CI;56465;JOSE;"";PEREZ;"";;DIR;01/08/2013;;26/08/2013 11:16;1;49914
347;26/08/2013 11:16;ITA;CI;XXXX;EL NEGRO;"";RAMIREZ;"";;DIR;26/08/2013;26/08/2014;26/08/2013 11:16;2;49917
348;26/08/2013 11:16;ARG;CI;5555555;ANA;GABRIELA;MARIA;MARIA;;CON;;;26/08/2013 11:16;1;49919
350;26/08/2013 11:16;ARM;CI;123456789;PAOISA;"";BERMUBENI;"";;DIR;26/08/2013;30/08/2013;26/08/2013 11:16;1;49922
351;26/08/2013 11:31;URY;CI;40758564;MARIA;NOEL;PRIMAPELLIDODEMARIA;SEGAPELLIDODEMARIA;MARIA NOEL PRIMAPELLIDOdeMARIA SEGAPELLIDODEMARIA;APOD;;;26/08/2013 11:31;1;49929
352;26/08/2013 11:34;ARG;NIE;123456;JUAN;"";PEREZ;"";;CON;01/07/2013;;26/08/2013 11:34;1;49927
353;26/08/2013 11:35;ARG;NIE;20132013;FABRICIO;"";PÉREZ;"";;SOC;01/07/2013;26/08/2013;26/08/2013 11:35;2;49928
354;26/08/2013 11:36;ARG;NIE;40758564;ERNESTO;"";CELESTE;"";;CON;14/08/2013;;26/08/2013 11:36;2;49931
355;26/08/2013 11:40;ARG;PS;456;ANA;"";LOPEZ;"";;APOD;;;26/08/2013 11:40;1;49930
357;26/08/2013 14:59;ARG;PS;21351651654651546;KARINA;"";SISNIEGA;"";;DIR;01/07/2013;20/08/2013;26/08/2013 14:59;4;49937
358;26/08/2013 15:01;BRA;PS;32164321654321;JUAN;"";GONZALEZ;"";;SOC;01/08/2013;;26/08/2013 15:01;2;49937
361;27/08/2013 09:35;URY;CI;40758564;MARIA;NOEL;PRIMAPELLIDODEMARIA;SEGAPELLIDODEMARIA;MARIA NOEL PRIMAPELLIDOdeMARIA SEGAPELLIDODEMARIA;CON;;;27/08/2013 09:35;1;49948
362;27/08/2013 11:35;URY;CI;40758564;MARIA;NOEL;PRIMAPELLIDODEMARIA;SEGAPELLIDODEMARIA;MARIA NOEL PRIMAPELLIDOdeMARIA SEGAPELLIDODEMARIA;APOD;;;27/08/2013 11:35;1;49953
363;27/08/2013 11:35;URY;CI;40758564;MARIA;NOEL;PRIMAPELLIDODEMARIA;SEGAPELLIDODEMARIA;MARIA NOEL PRIMAPELLIDOdeMARIA SEGAPELLIDODEMARIA;CON;;;27/08/2013 11:35;2;49949
365;27/08/2013 11:36;URY;CI;40758564;MARIA;NOEL;PRIMAPELLIDODEMARIA;SEGAPELLIDODEMARIA;MARIA NOEL PRIMAPELLIDOdeMARIA SEGAPELLIDODEMARIA;APOD;;;27/08/2013 11:36;1;49955
366;27/08/2013 11:36;URY;CI;40758564;MARIA;NOEL;PRIMAPELLIDODEMARIA;SEGAPELLIDODEMARIA;MARIA NOEL PRIMAPELLIDOdeMARIA SEGAPELLIDODEMARIA;CON;;;27/08/2013 11:36;1;49950
367;27/08/2013 11:38;URY;CI;40758564;MARIA;NOEL;PRIMAPELLIDODEMARIA;SEGAPELLIDODEMARIA;MARIA NOEL PRIMAPELLIDOdeMARIA SEGAPELLIDODEMARIA;CON;;;27/08/2013 11:38;1;49956
368;27/08/2013 11:44;ARG;NIE;37633;ADRIANA;"";GULARTE;"";;DIR;01/12/2012;31/12/2013;27/08/2013 11:44;2;49952
369;27/08/2013 11:47;URY;CI;40758564;MARIA;NOEL;PRIMAPELLIDODEMARIA;SEGAPELLIDODEMARIA;MARIA NOEL PRIMAPELLIDOdeMARIA SEGAPELLIDODEMARIA;CON;;;27/08/2013 11:47;2;49951
373;28/08/2013 12:20;BRA;CI;123456;NEYMAR;"";JR.;"";;CON;;;28/08/2013 12:20;2;49966
374;28/08/2013 12:20;BRA;NIE;1234;ALFONSO;"";NEYMAR;"";;APOD;01/08/2013;;28/08/2013 12:20;2;49967
376;28/08/2013 12:21;ARG;NIE;45639;JUAN;"";PEREZ;"";;DIR;;;28/08/2013 12:21;1;49961
377;28/08/2013 12:22;BRA;NIE;44444444;FERNANDITO;"";BRASIL;"";;CON;01/08/2013;31/07/2014;28/08/2013 12:22;1;49960
378;28/08/2013 12:23;BRA;CI;49141883;ROXANA;"";POZZI;"";;ADMIN;01/08/2013;31/10/2015;28/08/2013 12:23;2;49964
381;28/08/2013 12:24;ARG;PS;1111;PEDRO;"";SOSA;"";;SOC;01/08/2013;05/10/2013;28/08/2013 12:24;1;49968
384;28/08/2013 16:55;URY;PS;26798271;LUIS;ENRIQUE;GOMEZ;"";;DIR;01/08/2013;;28/08/2013 16:55;1;49986
385;28/08/2013 16:58;ARG;PS;258963;ANDREA;"";PEREZ;"";;APOD;01/08/2013;;28/08/2013 16:58;2;49989
386;28/08/2013 16:59;URY;CI;19669166;MARIA;PATRICIA;PRIMAPELLIDODEMARIA;SEGAPELLIDODEMARIA;"";DIR;01/08/2013;;28/08/2013 16:59;1;49987
389;28/08/2013 17:03;URY;CI;26565583;ISABEL;MARIA CARMEN;PRIMAPELLIDODEISABEL;SEGAPELLIDODEISABEL;ISABEL MARIA CARMEN PRIMAPELLIDOdeISABEL SEGAPELLIDODEISABEL;SOC;;;28/08/2013 17:03;1;49979
391;28/08/2013 17:04;URY;CI;26565583;ISABEL;MARIA CARMEN;PRIMAPELLIDODEISABEL;SEGAPELLIDODEISABEL;ISABEL MARIA CARMEN PRIMAPELLIDOdeISABEL SEGAPELLIDODEISABEL;SOC;;;28/08/2013 17:04;1;49983
394;28/08/2013 17:05;BRA;NIE;2356544;SUSANA;"";PEREZ;"";;ADMIN;01/08/2013;;28/08/2013 17:05;2;49988
400;28/08/2013 17:07;ARG;PS;4444;GFGF;"";GFGFG;"";;DIR;;;28/08/2013 17:07;1;49996
404;30/08/2013 10:04;URY;CI;35553028;RUBEN;ANTONIO;PRIMAPELLIDODERUBEN;SEGAPELLIDODERUBEN;RUBEN ANTONIO PRIMAPELLIDOdeRUBEN SEGAPELLIDODERUBEN;TIT;01/08/2013;;30/08/2013 10:04;2;50001
408;30/08/2013 16:32;URY;CI;26565583;ISABEL;MARIA CARMEN;PRIMAPELLIDODEISABEL;SEGAPELLIDODEISABEL;ISABEL MARIA CARMEN PRIMAPELLIDOdeISABEL SEGAPELLIDODEISABEL;SOC;;;30/08/2013 16:32;1;50009
411;30/08/2013 16:32;URY;CI;26565583;ISABEL;MARIA CARMEN;PRIMAPELLIDODEISABEL;SEGAPELLIDODEISABEL;ISABEL MARIA CARMEN PRIMAPELLIDOdeISABEL SEGAPELLIDODEISABEL;SOC;;;30/08/2013 16:32;2;50016
415;02/09/2013 09:49;URY;CI;45601564;NICOLAS;FERNANDO;PRIMAPELLIDODENICOLAS;SEGAPELLIDODENICOLAS;NICOLAS FERNANDO PRIMAPELLIDOdeNICOLAS SEGAPELLIDODENICOLAS;ADMIN;01/09/2013;31/05/2014;02/09/2013 09:49;1;50017
418;02/09/2013 15:53;AND;CI;459734685;ZOYLO;"";CAZO;"";;DIR;01/09/2013;;02/09/2013 15:53;2;50035
419;02/09/2013 15:53;BRA;NIE;321654;SKSKSK;"";SKSKSK;"";;SOC;;;02/09/2013 15:53;2;50028
420;02/09/2013 15:53;DEU;CI;23232323;KAROL;"";RAFTEINKEIN;"";;DIR;;;02/09/2013 15:53;2;50031
421;02/09/2013 15:53;BRA;CI;68686687;JUANA;"";PÉREZ;"";;APOD;14/08/2013;;02/09/2013 15:53;1;50030
422;02/09/2013 15:53;DEU;CI;123123123;ANA;LUCIA;VIA;TREZZA;;SOC;01/08/2013;;02/09/2013 15:53;1;50029
423;02/09/2013 15:53;BRA;CI;123456789;PAULINHO;"";DA SILVA;"";;DIR;02/09/2013;;02/09/2013 15:53;1;50034
424;02/09/2013 15:54;BRA;PS;111222333;FRANCO;"";EMA;"";;ADMIN;10/09/2013;;02/09/2013 15:54;2;50032
425;02/09/2013 15:54;GRD;PS;45898721056;RAUL;ERNESTO;TORENA;GILBERTO;;CON;01/08/2013;;02/09/2013 15:54;5;50026
426;02/09/2013 15:54;BRA;CI;123456;JUAN;"";PEREZ;"";;DIR;;;02/09/2013 15:54;1;50027
428;02/09/2013 16:00;ARG;CI;44016502;SOÑA;"";LARA;"";;SOC;01/09/2013;01/09/2013;02/09/2013 16:00;1;50037
429;03/09/2013 14:46;ARG;NIE;321654987;KARINA;"";SISNIEGA;"";;SOC;01/07/2013;;03/09/2013 14:46;2;50038
431;03/09/2013 16:42;BRA;PS;0502;WIN;"";DOWSXP;"";;SOC;02/09/2013;;03/09/2013 16:42;1;50043
432;03/09/2013 16:43;BRA;CI;654584545;CECILIA;MALALA;CIGANDA;"";;DIR;;;03/09/2013 16:43;1;50041
433;03/09/2013 16:43;ARG;PS;1234567;DADA;DADAD;FDFDF;FDFDFD;;ADMIN;;;03/09/2013 16:43;1;50040
434;03/09/2013 16:44;ARG;NIE;986532;PAULO;"";PEREZ;"";;DIR;02/09/2013;;03/09/2013 16:44;2;50045
436;03/09/2013 16:45;BRA;NIE;ALFREDITO;ALFREDITO;"";DE RODRÌGUEZ;"";;ADMIN;;;03/09/2013 16:45;1;50042
437;03/09/2013 16:46;ARG;NIE;3761;ANDRES;"";PERES;"";;SOC;01/08/2013;;03/09/2013 16:46;1;50039
438;03/09/2013 16:52;ARG;NIE;95214589;HEBERT;"";MARTÍNEZ;"";;ADMIN;01/08/2013;;03/09/2013 16:52;1;50046
439;03/09/2013 16:53;ARG;NIE;95623144;WILLIAM;"";SANTANA;"";;APOD;05/08/2013;;03/09/2013 16:53;2;50046
442;10/09/2013 15:57;URY;CI;53549932;MARIA;EMILIA;PRIMAPELLIDODEMARIA;SEGAPELLIDODEMARIA;MARIA EMILIA PRIMAPELLIDOdeMARIA SEGAPELLIDODEMARIA;DIR;01/09/2013;;10/09/2013 15:57;5;50052
444;11/09/2013 14:35;ARG;PS;9876549877;JULIO;"";RODRIGUEZ;"";;CON;09/09/2013;;11/09/2013 14:35;1;50053
446;11/09/2013 17:08;ARG;CI;123456;KARINA;"";SOUTO;"";;DIR;01/09/2013;;11/09/2013 17:08;1;50054
447;11/09/2013 17:09;BRA;PS;85695874;ROBERTO;"";CAUDILLO;"";;APOD;11/09/2013;;11/09/2013 17:09;3;50056
450;16/09/2013 10:26;ARG;PS;"";ALICIA;"";PÉREZ;"";;CON;16/09/2013;18/06/2014;16/09/2013 10:26;1;50086
451;16/09/2013 12:08;URY;CI;15589928;ELISA;"";PRIMAPELLIDODEELISA;SEGAPELLIDODEELISA;"";APOD;01/09/2013;;16/09/2013 12:08;1;32698
452;16/09/2013 12:13;URY;CI;33255802;ISMAEL;"";PRIMAPELLIDODEISMAEL;SEGAPELLIDODEISMAEL;"";CON;01/08/2007;;16/09/2013 12:13;1;32698
454;16/09/2013 12:16;BRA;PS;"";CARLOS;"";SOSA;"";;APOD;16/09/2013;14/01/2014;16/09/2013 12:16;2;50082
455;19/09/2013 15:07;URY;CI;14318564;JUAN;CARLOS;PRIMAPELLIDODEJUAN;SEGAPELLIDODEJUAN;JUAN CARLOS PRIMAPELLIDOdeJUAN SEGAPELLIDODEJUAN;APOD;01/09/2013;;19/09/2013 15:07;1;50088
456;19/09/2013 15:09;BRA;PS;9874;JOAO;"";GALVES;"";;SOC;;;19/09/2013 15:09;3;50088
457;20/09/2013 10:13;ARG;PS;45678998;ALBERTO;"";MASSA;"";;SOC;;;20/09/2013 10:13;2;50089
465;29/10/2013 17:56;BRA;CI;123654;MILTON;"";GONÇALVES;"";;ADMIN;01/10/2013;;29/10/2013 17:56;1;50117
466;31/10/2013 12:11;BRA;CI;123321123;PEDRO;"";DALTON;"";;APOD;01/10/2013;;31/10/2013 12:11;3;50120
468;31/10/2013 12:14;URY;CI;10912007;LAZARO;"";PRIMAPELLIDODELAZARO;SEGAPELLIDODELAZARO;LAZARO  PRIMAPELLIDOdeLAZARO SEGAPELLIDODELAZARO;SOC;;;31/10/2013 12:14;3;17506
469;31/10/2013 16:30;BRA;CI;123321;JORGE;MIGUEL;FAGUNDES;PEREIRA;;DIR;01/10/2013;;31/10/2013 16:30;1;50124
485;13/11/2013 16:42;URY;CI;44320064;DIEGO;NICOLAS;PRIMAPELLIDODEDIEGO;SEGAPELLIDODEDIEGO;DIEGO NICOLAS PRIMAPELLIDOdeDIEGO SEGAPELLIDODEDIEGO;APOD;13/11/2013;;13/11/2013 16:42;1;50143
486;15/11/2013 15:25;URY;CI;19883128;AMERCIO;CESAR;PRIMAPELLIDODEAMERCIO;SEGAPELLIDODEAMERCIO;AMERCIO CESAR PRIMAPELLIDOdeAMERCIO SEGAPELLIDODEAMERCIO;ADMIN;;;15/11/2013 15:25;2;45771
487;15/11/2013 16:47;BRA;CI;112233;JUAN;CARLOS;MACIA;"";;DIR;01/11/2013;;15/11/2013 16:47;1;50147
489;18/11/2013 11:47;URY;CI;19883128;AMERCIO;CESAR;PRIMAPELLIDODEAMERCIO;SEGAPELLIDODEAMERCIO;AMERCIO CESAR PRIMAPELLIDOdeAMERCIO SEGAPELLIDODEAMERCIO;CON;;;18/11/2013 11:47;1;45771
574;07/02/2014 16:17;URY;CI;44677728;LEONARDO;FABRICIO;PRIMAPELLIDODELEONARDO;SEGAPELLIDODELEONARDO;LEONARDO FABRICIO PRIMAPELLIDOdeLEONARDO SEGAPELLIDODELEONARDO;ADMIN;01/05/2013;;07/02/2014 16:17;3;14940
580;12/03/2014 15:25;URY;CI;29436028;LUIS;CLEVER;PRIMAPELLIDODELUIS;SEGAPELLIDODELUIS;LUIS CLEVER PRIMAPELLIDOdeLUIS SEGAPELLIDODELUIS;DIR;02/12/2013;30/12/2014;12/03/2014 15:25;3;14952
637;04/06/2014 12:02;URY;CI;8805264;ALBERTO E;"";PRIMAPELLIDODEALBERTO E;SEGAPELLIDODEALBERTO E;ALBERTO E PRIMAPELLIDOdeALBERTO E SEGAPELLIDODEALBERTO E;TIT;;;04/06/2014 12:02;1;50344
639;05/06/2014 15:47;URY;CI;55269586;A;"";B;"";;ADMIN;;;05/06/2014 15:47;1;14940
644;16/06/2014 12:23;URY;CI;15071202;CARLOS;"";PRIMAPELLIDODECARLOS;SEGAPELLIDODECARLOS;CARLOS PRIMAPELLIDOdeCARLOS SEGAPELLIDODECARLOS;APOD;03/06/2014;;16/06/2014 12:23;1;50356
646;16/06/2014 12:25;BRA;PS;1231231235;JOSE;JOSE;JOSE;JOSE;;APOD;04/06/2014;09/06/2014;16/06/2014 12:25;1;50356
647;16/06/2014 12:26;URY;CI;15115804;JOSE;MARIA;PRIMAPELLIDODEJOSE;SEGAPELLIDODEJOSE;JOSE MARIA PRIMAPELLIDOdeJOSE SEGAPELLIDODEJOSE;ICELEC;24/06/2014;;16/06/2014 12:26;1;50356
651;01/07/2014 12:33;DEU;PS;258741;GUSTAVO;TEST;GUS;TESTDOSAPE;;TIT;;;01/07/2014 12:33;1;50369
653;03/07/2014 13:15;URY;CI;55596028;ANTONIO;AYELEN;PRIMAPELLIDODEANTONIO;SEGAPELLIDODEANTONIO;;APOD;02/07/2014;;03/07/2014 13:15;1;14917
654;03/07/2014 13:16;URY;CI;55586928;ANTONIO;AGUSTINA;PRIMAPELLIDODEANTONIO;SEGAPELLIDODEANTONIO;;ADMIN;01/07/2014;;03/07/2014 13:16;3;14917
655;03/07/2014 13:18;URY;CI;55578428;ANTONIO;"";PRIMAPELLIDODEANTONIO;SEGAPELLIDODEANTONIO;;DIR;;;03/07/2014 13:18;4;14917
656;03/07/2014 14:07;URY;CI;55556264;ANTONIO;BELEN;PRIMAPELLIDODEANTONIO;SEGAPELLIDODEANTONIO;;VPDTE;;;03/07/2014 14:07;5;14917
657;04/07/2014 14:41;ARG;PS;12121212;JUAN;"";JUAN;"";;TIT;;;04/07/2014 14:41;1;14918
663;09/07/2014 11:57;URY;CI;10241428;ANA;MARIA;PRIMAPELLIDODEANA;SEGAPELLIDODEANA;ANA MARIA PRIMAPELLIDOdeANA SEGAPELLIDODEANA;APOD;01/07/2014;;09/07/2014 11:57;10;50384
664;09/07/2014 11:59;URY;CI;10465264;RUBEN;"";PRIMAPELLIDODERUBEN;SEGAPELLIDODERUBEN;RUBEN PRIMAPELLIDOdeRUBEN SEGAPELLIDODERUBEN;APOD;13/05/2014;;09/07/2014 11:59;3;50384
677;15/07/2014 10:17;URY;CI;27734228;MARIA;ADELA;PRIMAPELLIDODEMARIA;SEGAPELLIDODEMARIA;MARIA ADELA PRIMAPELLIDOdeMARIA SEGAPELLIDODEMARIA;TIT;;;15/07/2014 10:17;1;50417
682;22/07/2014 11:44;URY;CI;10241428;ANA;MARIA;PRIMAPELLIDODEANA;SEGAPELLIDODEANA;ANA MARIA PRIMAPELLIDOdeANA SEGAPELLIDODEANA;ADMIN;01/07/2014;;22/07/2014 11:44;2;31709
683;22/07/2014 11:46;BRA;CI;45446;SOFIA;SFJOLJF;FAJKFGÑEGK;FJFJF;;APOD;;;22/07/2014 11:46;2;31709
685;25/07/2014 12:52;TUR;PS;041150436;SOFIA;SOFÍA;BERTULLO;"";;TIT;;;25/07/2014 12:52;2;50437
688;28/07/2014 13:10;URY;CI;18220028;BERNARDO;"";PRIMAPELLIDODEBERNARDO;SEGAPELLIDODEBERNARDO;BERNARDO PRIMAPELLIDOdeBERNARDO SEGAPELLIDODEBERNARDO;TIT;;;28/07/2014 13:10;1;50441
689;28/07/2014 13:13;BRA;CI;8855229;ALBERTO;"";GUTIERREZ;"";;TIT;;;28/07/2014 13:13;2;50442
690;28/07/2014 13:22;ARG;PS;741963;JUAN;"";PÉREZ;"";;TIT;;;28/07/2014 13:22;1;50443
707;31/07/2014 16:23;URY;CI;13286928;STELLA;MARIS;PRIMAPELLIDODESTELLA;SEGAPELLIDODESTELLA;STELLA MARIS PRIMAPELLIDOdeSTELLA SEGAPELLIDODESTELLA;TIT;;;31/07/2014 16:23;2;50465
718;02/08/2014 11:41;ARG;CI;11614828;FRANCISCO;"";MARTÍNEZ;"";;DIR;01/08/2014;;02/08/2014 11:41;2;50488
720;02/08/2014 13:11;ARG;CI;43223432;NOMBRE;APODERADO;EXTRANJERO;"";;APOD;01/08/2014;;02/08/2014 13:11;1;50489
721;02/08/2014 14:07;URY;CI;13744928;GLADYS;ESTHER;PRIMAPELLIDODEGLADYS;SEGAPELLIDODEGLADYS;GLADYS ESTHER PRIMAPELLIDOdeGLADYS SEGAPELLIDODEGLADYS;ADMIN;01/08/2014;;02/08/2014 14:07;1;50490
723;02/08/2014 14:26;ARG;PS;123321;PRIMER;NOMBRE;APELLIDO;PRIMERO;primer nombre apellido primero;TIT;;;02/08/2014 14:26;1;50491
731;04/08/2014 12:00;URY;CI;49385528;MICHEL;GUSTAVO;PRIMAPELLIDODEMICHEL;SEGAPELLIDODEMICHEL;MICHEL GUSTAVO PRIMAPELLIDOdeMICHEL SEGAPELLIDODEMICHEL;ADMIN;01/08/2014;;04/08/2014 12:00;1;50508
735;04/08/2014 12:32;ARG;PS;987456321;PASAPORTE;"";ARGENTINO;"";;TIT;;;04/08/2014 12:32;1;50512
738;04/08/2014 20:36;URY;CI;13251264;ROSA;DORA;PRIMAPELLIDODEROSA;SEGAPELLIDODEROSA;ROSA DORA PRIMAPELLIDOdeROSA SEGAPELLIDODEROSA;TIT;;;04/08/2014 20:36;1;50514
739;06/08/2014 11:09;URY;CI;43034113;ANA;CAROLINA;PRIMAPELLIDODEANA;SEGAPELLIDODEANA;;CONS;;;06/08/2014 11:09;1;50515
741;06/08/2014 12:03;URY;CI;43034464;MARIA;VICTORIA;PRIMAPELLIDODEMARIA;SEGAPELLIDODEMARIA;MARIA VICTORIA PRIMAPELLIDODEMARIA SEGAPELLIDODEMARIA;TIT;;;06/08/2014 12:03;1;50517
742;06/08/2014 12:16;URY;CI;43034464;MARIA;VICTORIA;PRIMAPELLIDODEMARIA;SEGAPELLIDODEMARIA;;ADMIN;;;06/08/2014 12:16;1;50517
744;06/08/2014 12:46;URY;CI;43034464;MARIA;VICTORIA;PRIMAPELLIDODEMARIA;SEGAPELLIDODEMARIA;;MIN;;;06/08/2014 12:46;1;50518
746;06/08/2014 13:07;ARG;PS;1212123;JUAN;"";MARTINEZ;"";Juan Martinez;TIT;;;06/08/2014 13:07;1;50519
748;06/08/2014 13:13;BRA;PS;43035236;FERNANDO;"";SEVERO;"";;SOC;;;06/08/2014 13:13;1;50519
756;06/08/2014 15:14;URY;CI;43037228;ANIBAL;WALDEMAR;PRIMAPELLIDODEANIBAL;SEGAPELLIDODEANIBAL;ANIBAL WALDEMAR PRIMAPELLIDODEANIBAL SEGAPELLIDODEANIBAL;TIT;;;06/08/2014 15:14;1;50529
758;06/08/2014 15:21;BRA;CI;43037535;FERNANDO;"";SEVERO;"";;PDTE;;;06/08/2014 15:21;1;50529
760;06/08/2014 15:41;URY;CI;43035800;CRAFE;"";PRIMAPELLIDODECRAFE;SEGAPELLIDODECRAFE;;ADMIN;;;06/08/2014 15:41;1;50530
761;06/08/2014 15:41;BRA;PS;43035800;FERNANDO;"";SEVERO;"";;TIT;;;06/08/2014 15:41;1;50530
772;20/08/2014 12:33;URY;CI;19163764;SILVANA;"";PRIMAPELLIDODESILVANA;SEGAPELLIDODESILVANA;SILVANA PRIMAPELLIDOdeSILVANA SEGAPELLIDODESILVANA;ADMIN;;;20/08/2014 12:33;1;14960
773;26/08/2014 10:28;BRA;CI;456789;SSS;BBBB;BBBB;"";;ADMIN;;;26/08/2014 10:28;4;14957
775;26/08/2014 16:00;URY;CI;41526928;JAVIER;ENRIQUE;PRIMAPELLIDODEJAVIER;SEGAPELLIDODEJAVIER;JAVIER ENRIQUE PRIMAPELLIDOdeJAVIER SEGAPELLIDODEJAVIER;TIT;;;26/08/2014 16:00;2;50544
776;29/08/2014 10:53;URY;CI;33117828;RICARDO;ALFREDO;PRIMAPELLIDODERICARDO;SEGAPELLIDODERICARDO;;APOD;04/08/2014;;29/08/2014 10:53;1;50551
777;29/08/2014 10:53;URY;PS;33117828;RICARDO;ALFREDO;PRIMAPELLIDODERICARDO;SEGAPELLIDODERICARDO;;CONS;13/08/2014;;29/08/2014 10:53;1;50551
779;29/08/2014 12:16;URY;CI;15218808;ELIZABETH;"";PRIMAPELLIDODEELIZABETH;SEGAPELLIDODEELIZABETH;;ADMIN;;;29/08/2014 12:16;1;50552
782;29/08/2014 13:06;URY;CI;15603364;INES;CAROLINA;PRIMAPELLIDODEINES;SEGAPELLIDODEINES;;TES;04/08/2014;;29/08/2014 13:06;1;50553
783;29/08/2014 13:07;BRA;PS;15603364;NOMBRE;"";NOMBRE;"";;ICELEC;;;29/08/2014 13:07;1;50553
784;29/08/2014 13:48;ARG;PS;1212124;PROVEEDOR;"";PROVEEDOR;"";Proveedor Proveedor;TIT;;;29/08/2014 13:48;2;50554
789;29/08/2014 15:07;ARG;CI;121212122;SANDRA;PATRICIA;GOMEZ;TESTON;;TIT;;;29/08/2014 15:07;1;50556
790;29/08/2014 15:10;URY;CI;33253020;ANA;LAURA;PRIMAPELLIDODEANA;SEGAPELLIDODEANA;;DIR;01/08/2014;;29/08/2014 15:10;1;50556
793;29/08/2014 15:41;URY;CI;33311828;JUAN;BAUTISTA;PRIMAPELLIDODEJUAN;SEGAPELLIDODEJUAN;JUAN BAUTISTA PRIMAPELLIDOdeJUAN SEGAPELLIDODEJUAN;TIT;;;29/08/2014 15:41;1;50558
797;29/08/2014 16:46;URY;CI;33174589;MARIA;ROSA;PRIMAPELLIDODEMARIA;SEGAPELLIDODEMARIA;;MAND;01/08/2014;;29/08/2014 16:46;1;50560
801;04/09/2014 10:31;URY;CI;6005802;ALBERTO E;"";PRIMAPELLIDODEALBERTO E;SEGAPELLIDODEALBERTO E;;DIR;;;04/09/2014 10:31;1;33761
802;05/09/2014 16:46;URY;CI;55556264;ANTONIO;BELEN;PRIMAPELLIDODEANTONIO;SEGAPELLIDODEANTONIO;;CONS;01/01/2014;;05/09/2014 16:46;14;14910
814;11/09/2014 15:59;BRA;PS;09847380;REP;"";REP;"";;APOD;;;11/09/2014 15:59;1;50596
817;12/09/2014 10:36;URY;CI;40758564;MARIA;NOEL;PRIMAPELLIDODEMARIA;SEGAPELLIDODEMARIA;MARIA NOEL PRIMAPELLIDOdeMARIA SEGAPELLIDODEMARIA;TIT;;;12/09/2014 10:36;1;50605
822;12/09/2014 15:12;URY;CI;19883128;AMERCIO;CESAR;PRIMAPELLIDODEAMERCIO;SEGAPELLIDODEAMERCIO;AMERCIO CESAR PRIMAPELLIDOdeAMERCIO SEGAPELLIDODEAMERCIO;SOC;01/09/2014;;12/09/2014 15:12;8;15334
858;18/09/2014 10:08;BRA;CI;456;TTT;"";FFFF;"";;APOD;;;18/09/2014 10:08;1;14964
859;24/09/2014 21:24;URY;CI;19758064;MARIA;YANELA;PRIMAPELLIDODEMARIA;SEGAPELLIDODEMARIA;MARIA YANELA PRIMAPELLIDOdeMARIA SEGAPELLIDODEMARIA;PDTE;;;24/09/2014 21:24;2;14996
893;06/10/2014 11:06;BRA;PS;7894;S;S;B;B;;ADMIN;;;06/10/2014 11:06;5;14967
895;10/10/2014 14:58;BRA;CI;8888544456;JUAN;JUANITO;MIGUEZ;MIGUEZ;;APOD;;;10/10/2014 14:58;1;50384
896;10/10/2014 14:59;ARG;CI;225888522;MARIA;MARIA;PEREZ;PEREZ;;CONS;;;10/10/2014 14:59;1;50384
906;11/11/2014 11:48;ARG;CI;12345678;JUAN;IVES;ALVAREZ;FELICHE;;TIT;;;11/11/2014 11:48;1;50737
908;11/11/2014 11:57;ARG;PS;65685A5;JUAN;"";PEREZ;"";;TIT;;;11/11/2014 11:57;2;50739
909;17/11/2014 18:33;URY;PS;432234432234234;ASDF;"";ASDFDS;"";;ADMIN;;;17/11/2014 18:33;1;14903
910;19/11/2014 10:53;URY;CI;15115804;JOSE;MARIA;PRIMAPELLIDODEJOSE;SEGAPELLIDODEJOSE;JOSE MARIA PRIMAPELLIDOdeJOSE SEGAPELLIDODEJOSE;TIT;01/02/2012;18/11/2014;19/11/2014 10:53;2;15041
912;24/11/2014 12:01;BRA;PS;65465T45;CARIOCA;"";RIO;"";;ADMIN;;;24/11/2014 12:01;1;50740
913;19/01/2015 10:43;CHN;PS;456789123;JORGE;LUIS;FERNANDEZ;PEREZ;;TIT;;;19/01/2015 10:43;2;50766
915;19/02/2015 11:08;ITA;PS;1234567;GIACOMO;GIORGIO;PUCCINI;RABOLLINI;;TIT;;;19/02/2015 11:08;2;50771
916;19/02/2015 11:46;BRA;CI;11111111AA;NOMBRASIL;NOMBRASIL2;APEBRASIL;APEBRASIL2;;TIT;;;19/02/2015 11:46;1;50774
917;20/02/2015 11:49;SVN;PS;BBB222;PRIESLOVENO;SEGESLOVENO;APEESLOVENO;SEGAPEESLOVENO;;TIT;;;20/02/2015 11:49;1;50776
922;19/03/2015 11:09;URY;CI;12606664;MARIA;ESTHER;PRIMAPELLIDODEMARIA;SEGAPELLIDODEMARIA;MARIA ESTHER PRIMAPELLIDOdeMARIA SEGAPELLIDODEMARIA;ADMIN;03/03/2015;;19/03/2015 11:09;1;14903
925;25/03/2015 10:39;URY;CI;55578428;ANTONIO;"";PRIMAPELLIDODEANTONIO;SEGAPELLIDODEANTONIO;;APOD;;;25/03/2015 10:39;1;14967
931;10/04/2015 11:31;AFG;PS;DOCUMENTO10DE4;PRINOMBREAFG;SEGNOMBREAFG;PRIMAPEAFG;SEGAPEAFG;;TIT;;;10/04/2015 11:31;1;50785
936;14/04/2015 11:54;URY;CI;15589928;ELISA;"";PRIMAPELLIDODEELISA;SEGAPELLIDODEELISA;;SOC;;;14/04/2015 11:54;2;15007
938;15/04/2015 11:47;URY;CI;15765328;NILSON;"";PRIMAPELLIDODENILSON;SEGAPELLIDODENILSON;NILSON PRIMAPELLIDOdeNILSON SEGAPELLIDODENILSON;TIT;;;15/04/2015 11:47;1;50795
943;15/04/2015 15:04;ARG;PS;4445256;JUAN;"";PEREZ;"";;ADMIN;;;15/04/2015 15:04;1;50118
947;16/04/2015 11:10;URY;CI;11926364;LAURA;"";PRIMAPELLIDODELAURA;SEGAPELLIDODELAURA;LAURA PRIMAPELLIDOdeLAURA SEGAPELLIDODELAURA;APOD;;;16/04/2015 11:10;3;50795
948;16/04/2015 11:11;URY;CI;11745679;ANGELICA;MARIA;PRIMAPELLIDODEANGELICA;SEGAPELLIDODEANGELICA;ANGELICA MARIA PRIMAPELLIDOdeANGELICA SEGAPELLIDODEANGELICA;APOD;;;16/04/2015 11:11;1;50795
949;16/04/2015 11:12;URY;CI;11684528;RICARDO;LEONEL;PRIMAPELLIDODERICARDO;SEGAPELLIDODERICARDO;RICARDO LEONEL PRIMAPELLIDOdeRICARDO SEGAPELLIDODERICARDO;APOD;;;16/04/2015 11:12;1;50795
959;13/05/2015 10:40;URY;CI;27956828;FABIAN;"";PRIMAPELLIDODEFABIAN;SEGAPELLIDODEFABIAN;FABIAN PRIMAPELLIDOdeFABIAN SEGAPELLIDODEFABIAN;ADMIN;;;13/05/2015 10:40;1;43691
960;14/05/2015 13:32;BRA;CI;456;EE;EE;EE;EE;;ADMIN;;;14/05/2015 13:32;1;14954
961;14/05/2015 13:58;URY;PS;234234;GUSTAVO;"";PRUEBA;"";;CONS;;;14/05/2015 13:58;2;15009
963;15/05/2015 10:45;BRA;PS;12121212;TEST;"";SOFIS;"";;TIT;;;15/05/2015 10:45;1;50824
964;15/05/2015 10:51;URY;PS;98324097;FERNANDO;"";SEVERO;"";;ADMIN;;;15/05/2015 10:51;1;50824
965;21/05/2015 16:21;BRA;CI;778899;YO;"";YOOOH;"";;DIR;;;21/05/2015 16:59;11;37503
1000;18/06/2015 12:46;URY;PS;5555555;MARIA;"";PEREZ;"";;SOC;;;18/06/2015 12:46;1;19984
1001;18/06/2015 13:14;URY;PS;8885552;MARIA;"";PAZ;"";;SOC;;;18/06/2015 13:14;1;19165
1005;10/07/2015 13:49;AFG;PS;11111;JUANCITO;PEDRO;JUANSOTE;MARTINEZ;;MIN;01/07/2015;01/02/2017;03/08/2015 11:41;8;14982
1006;10/07/2015 13:51;AUS;PS;823748923748923;MIRELA;LOURDES;VORGA;GONZALEZ;;TIT;01/07/2015;31/03/2017;03/08/2015 11:42;8;14982
1007;10/07/2015 13:52;BRA;PS;827927987FSDFSD;JACQUE;YANET;MACIEL;RODRIGUEZ;;PDTE;02/07/2015;31/07/2016;03/08/2015 11:42;7;14982
1008;16/07/2015 11:17;ARG;CI;789456;FF;TT;DD;EE;;ADMIN;;;16/07/2015 11:17;1;15305
1010;24/07/2015 14:13;BRA;CI;1627682;SANDRA;ALEJANDRA;VIEITES;MOSQUERA;;APOD;01/07/2015;30/11/2015;03/08/2015 11:39;5;14982
1011;27/07/2015 13:38;URY;PS;343423423;GUSTAVO;EDUARDO;HUERTAS;FERNANDEZ;;TIT;01/07/2015;31/10/2015;03/08/2015 11:40;6;14982
1012;31/07/2015 10:55;URY;CI;6005802;ALBERTO E;"";PRIMAPELLIDODEALBERTO E;SEGAPELLIDODEALBERTO E;;ADMIN;;;31/07/2015 10:55;2;18594
1014;10/08/2015 10:56;URY;PS;17139626;JUAN;"";LOLO;"";;ADMIN;01/08/2015;;10/08/2015 10:56;2;50877
1015;10/08/2015 11:20;URY;PS;123656666;MIA;"";MOIRA;"";;ADMIN;03/08/2015;;10/08/2015 11:20;2;50878
1016;10/08/2015 11:32;URY;PS;1269888666;SALVESE;"";QUIEN;"";;ICELEC;04/08/2015;;10/08/2015 11:32;1;50879
1017;10/08/2015 11:32;URY;PS;65656565;PUEDA;"";PEREZ;"";;MIN;04/08/2015;;10/08/2015 11:32;2;50879
1018;10/08/2015 11:46;URY;PS;2323665556;ESTIMADO;"";SEÑOR;"";;APOD;;;10/08/2015 11:46;1;50880
1019;10/08/2015 11:47;URY;PS;23659874;ESTIMADA;"";SEÑORA;"";;PDTE;03/08/2015;;10/08/2015 11:47;2;50880
1021;02/09/2015 16:54;ARG;PS;888555222;ANA;"";MARTINEZ;"";;ADMIN;;;02/09/2015 16:54;1;15404
1022;02/09/2015 16:56;URY;PS;88777999;ANA;"";MAR;"";;ADMIN;;;02/09/2015 16:56;1;28188
1023;02/09/2015 16:59;URY;PS;314679;AGU;"";ERE;"";;ADMIN;;;02/09/2015 16:59;1;32325
1025;08/09/2015 17:56;URY;CI;32941204;TELESFORA;"";PRIMAPELLIDODETELESFORA;SEGAPELLIDODETELESFORA;;PDTE;;;08/09/2015 17:56;1;15190
1026;08/09/2015 17:57;URY;CI;40758564;MARIA;NOEL;PRIMAPELLIDODEMARIA;SEGAPELLIDODEMARIA;MARIA NOEL PRIMAPELLIDOdeMARIA SEGAPELLIDODEMARIA;APOD;;;08/09/2015 17:57;1;15190
1028;09/09/2015 10:43;URY;PS;555;MMM;"";DDDD;"";;APOD;;;09/09/2015 10:43;2;34906
1029;09/09/2015 11:27;BRA;PS;123456;TEST;"";TEST;"";;ADMIN;;;09/09/2015 11:27;2;16974
1042;16/09/2015 16:40;BRA;PS;DOCBR1111;RONAL;DINHO;XUXAAPELLIDO;XUAPESEG;;TIT;;;16/09/2015 16:40;2;50902
1046;24/09/2015 15:05;URY;PS;123654987;ESTE;SEÑOR;NO SE COMO SE LLAMA;"";;ADMIN;01/09/2015;;24/09/2015 15:05;1;50903
1047;24/09/2015 15:06;URY;PS;111222333;ESTE;"";SE LLAMA;"";;RENR;01/09/2015;;24/09/2015 15:06;1;50903
1048;24/09/2015 15:38;URY;PS;2222;PP;"";PPPPP;"";;TIT;;;24/09/2015 15:38;2;50903
1049;24/09/2015 16:23;URY;PS;13645555;PRIMERA;"";PRIMERP;"";;TIT;;;24/09/2015 16:23;1;50906
1052;30/09/2015 14:54;URY;CI;12442064;DOMINGO;"";PRIMAPELLIDODEDOMINGO;SEGAPELLIDODEDOMINGO;DOMINGO PRIMAPELLIDOdeDOMINGO SEGAPELLIDODEDOMINGO;SOC;01/01/1986;31/12/2026;30/09/2015 14:54;6;14929
1053;30/09/2015 14:55;URY;CI;11284928;ADRIANA;RENEE;PRIMAPELLIDODEADRIANA;SEGAPELLIDODEADRIANA;ADRIANA RENEE PRIMAPELLIDOdeADRIANA SEGAPELLIDODEADRIANA;SOC;01/01/1986;31/12/2026;30/09/2015 14:55;6;14929
1054;30/09/2015 14:57;URY;CI;12936766;VIRGINIA;CRISTINA;PRIMAPELLIDODEVIRGINIA;SEGAPELLIDODEVIRGINIA;VIRGINIA CRISTINA PRIMAPELLIDOdeVIRGINIA SEGAPELLIDODEVIRGINIA;APOD;01/01/2015;31/12/2016;30/09/2015 14:57;5;14929
1086;05/10/2015 11:51;BRA;CI;1236544756;P;P;R;"";;TIT;;;05/10/2015 11:51;1;50994
1087;07/10/2015 11:24;URY;PS;123456789;NOMBRE1;"";APELLIDO1;"";;SEC;01/10/2015;;07/10/2015 11:24;13;50872
1090;07/10/2015 12:10;URY;PS;987654;PRUEBA;"";PRUEBITA;"";;TIT;01/10/2015;;07/10/2015 12:10;2;50872
1092;09/10/2015 14:26;URY;PS;65236;NOMBRE;"";APELLIDO;"";;APOD;;31/10/2015;09/10/2015 14:26;6;50998
1093;09/10/2015 14:26;URY;PS;65236;NOMBRE;"";APELLIDO2;"";;DIR;;;09/10/2015 14:26;3;50998
1125;15/10/2015 13:23;URY;PS;123688;PA;"";RA;"";;DIR;01/10/2015;31/10/2015;15/10/2015 13:23;3;51033
1126;15/10/2015 13:24;URY;PS;32154;DAR Y RECIBIR;"";INFO - CONJUNTO;"";;TIT;01/10/2015;;15/10/2015 13:24;3;51033
1127;15/10/2015 15:41;URY;PS;369852;MI;"";PE;"";;DIR;;;15/10/2015 15:41;1;51033
1128;16/10/2015 09:07;BRA;PS;123;DIRECTOR;"";COBRAR;"";;DIR;07/10/2015;08/11/2015;16/10/2015 09:07;1;51033
1129;16/10/2015 12:29;BRA;PS;98;PEPE;"";RER;"";;SEC;;21/11/2015;16/10/2015 12:29;3;50998
1130;16/10/2015 13:38;URY;PS;45234;POIUOP;"";UOPUIOPU;"";;PROTES;;;16/10/2015 13:38;1;51029
1131;16/10/2015 13:39;BRA;PS;456456;RTWRT;"";WRTWR;"";;DIR;;;16/10/2015 13:39;3;51029
1132;16/10/2015 14:09;URY;PS;12332132;SDFG;"";FGSD;"";;MAND;;;16/10/2015 14:09;1;51029
1133;16/10/2015 14:10;URY;PS;45234522;SFGSDFG;"";SFGSDFGS;"";;PROTES;;;16/10/2015 14:10;1;51029
1134;16/10/2015 14:11;URY;PS;54345425;LPPO;"";POOIK;"";;MAND;;;16/10/2015 14:11;1;50998
1135;19/10/2015 09:41;AFG;CI;654321;NOMBRE1;"";APELLIDO1;"";;TIT;;31/12/2015;19/10/2015 09:41;2;51035
1139;10/11/2015 12:10;BRA;PS;88855522;JULIO;"";ANNDUS;"";;ADMIN;;;10/11/2015 12:10;1;15216
1142;13/11/2015 14:39;ARG;PS;123456;JUAN;"";MIGUES;PRUEBA;;TIT;;;13/11/2015 14:39;2;51056
1144;26/11/2015 16:07;ARG;PS;789654123;MARTIN;"";ENRIQUE;"";;TIT;;;26/11/2015 16:07;1;51078
1217;05/02/2016 09:54;ARG;PS;222555333;JOSE;"";MARTIA;"";;ICELEC;02/02/2016;;05/02/2016 09:54;1;50826
1218;17/02/2016 23:04;URY;PS;23423423;JUAN;"";MARIA;"";;ADMIN;01/02/2016;;17/02/2016 23:04;1;15312
1220;19/02/2016 10:58;BRA;PS;23423423;ANA;"";ANA;"";;ADMIN;01/02/2016;;19/02/2016 10:58;1;14968
1222;30/03/2016 13:40;URY;CI;11371204;OSCAR;"";PRIMAPELLIDODEOSCAR;SEGAPELLIDODEOSCAR;;DIR;;;30/03/2016 13:40;1;21887
1223;30/03/2016 13:47;URY;CI;11371204;OSCAR;"";PRIMAPELLIDODEOSCAR;SEGAPELLIDODEOSCAR;;DIR;;;30/03/2016 13:47;1;20450
1224;30/03/2016 15:10;URY;CI;6005802;ALBERTO E;"";PRIMAPELLIDODEALBERTO E;SEGAPELLIDODEALBERTO E;;ADMIN;;;30/03/2016 15:10;2;31096
1225;30/03/2016 15:15;URY;CI;6121202;ALBERTO E;"";PRIMAPELLIDODEALBERTO E;SEGAPELLIDODEALBERTO E;;ADMIN;;;30/03/2016 15:15;1;41156
1226;31/03/2016 11:45;AFG;PS;123456;PRUEBA;"";PRUEBA;"";;ADMIN;01/03/2016;29/10/2016;31/03/2016 11:45;4;48274
1231;07/04/2016 16:44;ARG;CI;44676934;RICARDO;CESAR;ABRILE;"";;TIT;;;07/04/2016 16:44;3;51178
1240;26/04/2016 11:10;BRA;PS;123456;JUAN;"";MIGUES;"";;ADMIN;;;26/04/2016 11:10;4;14970
1241;11/05/2016 10:45;URY;CI;10912007;LAZARO;"";PRIMAPELLIDODELAZARO;SEGAPELLIDODELAZARO;LAZARO PRIMAPELLIDOdeLAZARO SEGAPELLIDODELAZARO;ADMIN;01/03/2016;31/12/2017;11/05/2016 10:45;2;22760
1242;12/05/2016 10:32;URY;CI;10912007;LAZARO;"";PRIMAPELLIDODELAZARO;SEGAPELLIDODELAZARO;LAZARO PRIMAPELLIDOdeLAZARO SEGAPELLIDODELAZARO;ADMIN;;;12/05/2016 10:32;1;18647
1243;24/05/2016 09:28;URY;CI;10912007;LAZARO;"";PRIMAPELLIDODELAZARO;SEGAPELLIDODELAZARO;LAZARO PRIMAPELLIDOdeLAZARO SEGAPELLIDODELAZARO;ADMIN;01/05/2016;31/12/2016;24/05/2016 09:28;1;15766
1245;24/05/2016 12:42;URY;CI;10912007;LAZARO;"";PRIMAPELLIDODELAZARO;SEGAPELLIDODELAZARO;LAZARO PRIMAPELLIDOdeLAZARO SEGAPELLIDODELAZARO;ADMIN;01/04/2016;;24/05/2016 12:42;1;17969
1246;25/05/2016 12:54;URY;CI;10912007;LAZARO;"";PRIMAPELLIDODELAZARO;SEGAPELLIDODELAZARO;LAZARO PRIMAPELLIDOdeLAZARO SEGAPELLIDODELAZARO;ADMIN;;;25/05/2016 12:54;1;41953
1247;31/05/2016 10:44;URY;CI;10912007;LAZARO;"";PRIMAPELLIDODELAZARO;SEGAPELLIDODELAZARO;LAZARO PRIMAPELLIDOdeLAZARO SEGAPELLIDODELAZARO;ADMIN;;;31/05/2016 10:44;1;19726
1248;31/05/2016 11:19;URY;CI;10912007;LAZARO;"";PRIMAPELLIDODELAZARO;SEGAPELLIDODELAZARO;LAZARO PRIMAPELLIDOdeLAZARO SEGAPELLIDODELAZARO;ADMIN;01/05/2016;08/06/2016;31/05/2016 11:19;2;51188
1249;31/05/2016 11:53;URY;CI;10912007;LAZARO;"";PRIMAPELLIDODELAZARO;SEGAPELLIDODELAZARO;LAZARO PRIMAPELLIDOdeLAZARO SEGAPELLIDODELAZARO;ADMIN;;;31/05/2016 11:53;1;31423
1282;01/06/2016 11:24;URY;CI;10912007;LAZARO;"";PRIMAPELLIDODELAZARO;SEGAPELLIDODELAZARO;LAZARO PRIMAPELLIDOdeLAZARO SEGAPELLIDODELAZARO;ADMIN;;;01/06/2016 11:24;1;38696
1318;22/07/2016 12:34;URY;CI;10912007;LAZARO;"";PRIMAPELLIDODELAZARO;SEGAPELLIDODELAZARO;LAZARO PRIMAPELLIDOdeLAZARO SEGAPELLIDODELAZARO;ADMIN;01/02/2016;31/01/2017;22/07/2016 12:34;1;20465
1319;26/07/2016 11:38;URY;CI;10912007;LAZARO;"";PRIMAPELLIDODELAZARO;SEGAPELLIDODELAZARO;LAZARO PRIMAPELLIDOdeLAZARO SEGAPELLIDODELAZARO;ADMIN;02/07/2016;;26/07/2016 11:38;1;28175
1320;27/07/2016 10:35;URY;CI;10912007;LAZARO;"";PRIMAPELLIDODELAZARO;SEGAPELLIDODELAZARO;LAZARO PRIMAPELLIDOdeLAZARO SEGAPELLIDODELAZARO;ADMIN;01/07/2016;31/03/2018;27/07/2016 10:35;1;19792
1354;01/09/2016 13:23;URY;CI;10912007;LAZARO;"";PRIMAPELLIDODELAZARO;SEGAPELLIDODELAZARO;LAZARO PRIMAPELLIDOdeLAZARO SEGAPELLIDODELAZARO;ADMIN;01/09/2016;28/02/2018;01/09/2016 13:23;1;17723
1356;12/09/2016 11:12;URY;CI;10912007;LAZARO;"";PRIMAPELLIDODELAZARO;SEGAPELLIDODELAZARO;LAZARO PRIMAPELLIDOdeLAZARO SEGAPELLIDODELAZARO;ADMIN;02/05/2016;28/02/2017;12/09/2016 11:12;1;37255
1357;12/10/2016 11:38;URY;CI;10912007;LAZARO;"";PRIMAPELLIDODELAZARO;SEGAPELLIDODELAZARO;LAZARO PRIMAPELLIDOdeLAZARO SEGAPELLIDODELAZARO;ADMIN;03/10/2016;30/04/2018;12/10/2016 11:38;1;40731
1358;12/10/2016 12:01;URY;CI;10912007;LAZARO;"";PRIMAPELLIDODELAZARO;SEGAPELLIDODELAZARO;LAZARO PRIMAPELLIDOdeLAZARO SEGAPELLIDODELAZARO;ADMIN;03/10/2016;31/10/2017;12/10/2016 12:01;1;27618
1359;13/10/2016 10:11;URY;CI;10912007;LAZARO;"";PRIMAPELLIDODELAZARO;SEGAPELLIDODELAZARO;LAZARO PRIMAPELLIDOdeLAZARO SEGAPELLIDODELAZARO;ADMIN;03/10/2016;30/04/2017;13/10/2016 10:11;1;21136
1360;14/10/2016 14:09;URY;CI;10912007;LAZARO;"";PRIMAPELLIDODELAZARO;SEGAPELLIDODELAZARO;LAZARO PRIMAPELLIDOdeLAZARO SEGAPELLIDODELAZARO;ADMIN;;;14/10/2016 14:09;1;19983
1361;20/10/2016 12:09;URY;CI;10912007;LAZARO;"";PRIMAPELLIDODELAZARO;SEGAPELLIDODELAZARO;LAZARO PRIMAPELLIDOdeLAZARO SEGAPELLIDODELAZARO;ADMIN;03/10/2016;31/08/2020;20/10/2016 12:09;1;34816
1371;24/11/2016 13:30;URY;CI;15090680;CRISTINA;ELIZABETH;PRIMAPELLIDODECRISTINA;SEGAPELLIDODECRISTINA;;ADMIN;;;24/11/2016 13:30;2;47941
1372;16/01/2017 14:46;URY;CI;10912007;LAZARO;"";PRIMAPELLIDODELAZARO;SEGAPELLIDODELAZARO;LAZARO PRIMAPELLIDOdeLAZARO SEGAPELLIDODELAZARO;PROSEC;;;16/01/2017 14:46;1;51257
1380;22/02/2017 11:37;BRA;PS;123456123;JACQUELINE;"";MACIEL;"";;TIT;02/05/2017;09/05/2017;22/02/2017 11:37;4;51273
1381;22/02/2017 12:04;BRA;CI;789123;JACQUELINE;"";MACIEL;"";;TIT;04/05/2017;26/05/2017;22/02/2017 12:04;2;51274
1417;21/03/2017 09:01;URY;CI;2044583;EUSEBIO;"";PRIMAPELLIDODEEUSEBIO;SEGAPELLIDODEEUSEBIO;;APOD;;;21/03/2017 09:01;1;51201
1418;21/03/2017 12:12;BRA;PS;1234567;PABLO;JUAN;GIMENEZ;MENDEZ;;APOD;01/03/2017;01/01/2018;21/03/2017 12:12;2;49533
1419;27/03/2017 17:56;ARG;PS;45454545;PEPITO;"";PEREZ;"";;SOC;01/01/2017;02/03/2018;27/03/2017 17:56;7;51257
1420;28/03/2017 11:53;BRA;PS;22222;JOSE;PABLO;GIMENEZ;GOMEZ;;PDTE;01/03/2017;23/11/2017;28/03/2017 11:53;5;51257
1421;29/03/2017 12:19;ARG;PS;3333;JUANA;LOLA;MEDEROS;LOPEZ;;TES;01/01/2017;01/01/2018;29/03/2017 12:19;5;51178
1422;29/03/2017 16:42;ARG;PS;21221;SANTIAGO;FRANCIS;APELLIDO1;APELLIDO2;;SOC;01/01/2017;01/05/2017;29/03/2017 16:42;3;51178
1423;04/05/2017 13:45;ARG;PS;888888;FACUNDO;FLAVIO;GOMEZ;PEREZ;;APOD;02/05/2017;31/05/2017;04/05/2017 13:45;4;51257
1424;08/05/2017 11:48;URY;CI;13131200;LUIS;"";PRIMAPELLIDODELUIS;SEGAPELLIDODELUIS;LUIS PRIMAPELLIDOdeLUIS SEGAPELLIDODELUIS;DIR;;;08/05/2017 11:48;1;31551
1425;08/05/2017 11:51;URY;CI;13131200;LUIS;"";PRIMAPELLIDODELUIS;SEGAPELLIDODELUIS;LUIS PRIMAPELLIDOdeLUIS SEGAPELLIDODELUIS;DIR;;;08/05/2017 11:51;1;20271
1426;08/05/2017 11:54;URY;CI;13131200;LUIS;"";PRIMAPELLIDODELUIS;SEGAPELLIDODELUIS;LUIS PRIMAPELLIDOdeLUIS SEGAPELLIDODELUIS;DIR;;;08/05/2017 11:54;1;28902
1434;12/05/2017 15:48;URY;CI;13131200;LUIS;"";PRIMAPELLIDODELUIS;SEGAPELLIDODELUIS;LUIS PRIMAPELLIDOdeLUIS SEGAPELLIDODELUIS;TIT;12/05/2017;;12/05/2017 15:48;1;36365
1437;18/05/2017 14:14;BRA;PS;3333;BRASIL;"";CARIOCA;"";;SOC;01/05/2017;30/06/2017;18/05/2017 14:14;1;14897
1438;19/05/2017 11:49;URY;CI;13131200;LUIS;"";PRIMAPELLIDODELUIS;SEGAPELLIDODELUIS;LUIS PRIMAPELLIDOdeLUIS SEGAPELLIDODELUIS;TIT;;;19/05/2017 11:49;1;51310
1439;23/05/2017 15:14;URY;PS;12123333;LOLOOO;"";RRRRRRRRR;"";;SOC;02/05/2017;30/06/2017;23/05/2017 15:14;1;49533
1440;24/05/2017 18:11;ARG;PS;6566656;DASDA;"";DAAD;"";;TIT;02/05/2017;24/06/2017;24/05/2017 18:11;1;51268
1441;25/05/2017 17:15;ARG;PS;3333333;PPEPPEP;"";SSSSS;"";;TIT;04/05/2017;24/05/2017;25/05/2017 17:15;1;51269
1442;29/05/2017 15:13;BRA;PS;5555;NOMBRE;"";APELLIDITO;"";;TIT;02/05/2017;18/05/2017;29/05/2017 15:13;7;51269
1443;29/05/2017 16:07;BRA;PS;252525;ESTENOVA;"";NOSIIF;"";;APOD;04/05/2017;24/06/2017;29/05/2017 16:07;1;51269
1444;29/05/2017 16:50;BRA;PS;8888;NO PERSISTIR;"";NO PERSISIR;"";;TIT;10/05/2017;28/05/2017;29/05/2017 16:50;2;51269
1445;30/05/2017 13:55;BRA;PS;8888;TITULARBRASIL;"";TITULARAPELLIDO;"";;SOC;02/05/2017;25/06/2017;30/05/2017 13:55;1;51274
